id,date,customer_segment,product_area,sentiment,severity,feature_request,description,revenue_impact,region
CF-0001,2026-02-05,Enterprise,Authentication,positive,Low,more flexible SSO setup,SAML setup errors block new enterprise admins during rollout.,Low,North America
CF-0002,2026-05-10,Strategic,Notifications,positive,Low,better notification routing rules,Critical SLA alerts are noisy for managers who own multiple queues.,Low,North America
CF-0003,2026-02-26,Startup,Dashboard,negative,High,custom executive widgets,Dashboard filters reset when managers switch between account views.,Medium,APAC
CF-0004,2026-06-28,Startup,Integrations,positive,High,deeper CRM and warehouse sync controls,CRM handoff records occasionally miss the latest support context.,Low,APAC
CF-0005,2026-01-27,Enterprise,Reporting,positive,Medium,scheduled revenue-risk reports,Large revenue-impact reports time out during leadership reviews.,Medium,LATAM
CF-0006,2026-01-12,Startup,Authentication,neutral,Medium,more flexible SSO setup,SAML setup errors block new enterprise admins during rollout.,Medium,North America
CF-0007,2026-05-22,SMB,AI Assistant,neutral,Critical,AI answers with source citations,AI Assistant summaries are useful but do not always cite the source ticket.,At Risk,APAC
CF-0008,2026-06-19,Mid-Market,Integrations,negative,High,deeper CRM and warehouse sync controls,CRM handoff records occasionally miss the latest support context.,Low,APAC
CF-0009,2026-04-08,SMB,Authentication,negative,Critical,more flexible SSO setup,SAML setup errors block new enterprise admins during rollout.,At Risk,LATAM
CF-0010,2026-04-01,Mid-Market,Reporting,neutral,High,scheduled revenue-risk reports,Large revenue-impact reports time out during leadership reviews.,Medium,APAC
CF-0011,2026-03-04,Mid-Market,Authentication,positive,High,more flexible SSO setup,SAML setup errors block new enterprise admins during rollout.,High,LATAM
CF-0012,2026-06-26,Strategic,Integrations,negative,Medium,deeper CRM and warehouse sync controls,CRM handoff records occasionally miss the latest support context.,High,EMEA
CF-0013,2026-01-09,SMB,Mobile App,negative,High,mobile escalation approvals,Mobile users cannot approve urgent escalations from push notifications.,Low,LATAM
CF-0014,2026-03-22,Mid-Market,AI Assistant,positive,Medium,AI answers with source citations,AI Assistant summaries are useful but do not always cite the source ticket.,High,LATAM
CF-0015,2026-02-06,SMB,Reporting,negative,Medium,scheduled revenue-risk reports,Large revenue-impact reports time out during leadership reviews.,Medium,EMEA
CF-0016,2026-05-30,Startup,Integrations,negative,Medium,deeper CRM and warehouse sync controls,CRM handoff records occasionally miss the latest support context.,Medium,LATAM
CF-0017,2026-05-07,Enterprise,Mobile App,negative,Medium,mobile escalation approvals,Mobile users cannot approve urgent escalations from push notifications.,High,North America
CF-0018,2026-04-19,Strategic,Authentication,positive,Low,more flexible SSO setup,SAML setup errors block new enterprise admins during rollout.,High,North America
CF-0019,2026-03-06,Strategic,Notifications,negative,Medium,better notification routing rules,Critical SLA alerts are noisy for managers who own multiple queues.,High,North America
CF-0020,2026-03-10,SMB,Reporting,positive,High,scheduled revenue-risk reports,Large revenue-impact reports time out during leadership reviews.,High,North America
CF-0021,2026-03-09,Strategic,AI Assistant,positive,Medium,AI answers with source citations,AI Assistant summaries are useful but do not always cite the source ticket.,Low,EMEA
CF-0022,2026-06-13,Strategic,Authentication,positive,Critical,more flexible SSO setup,SAML setup errors block new enterprise admins during rollout.,At Risk,EMEA
CF-0023,2026-01-01,Strategic,Billing,positive,Medium,clearer seat and plan change previews,Admins cannot preview invoice impact before changing seats.,High,APAC
CF-0024,2026-03-20,Mid-Market,Integrations,positive,Medium,deeper CRM and warehouse sync controls,CRM handoff records occasionally miss the latest support context.,Medium,North America
CF-0025,2026-01-22,Startup,Reporting,negative,Medium,scheduled revenue-risk reports,Large revenue-impact reports time out during leadership reviews.,Low,North America
CF-0026,2026-02-12,SMB,Billing,neutral,Low,clearer seat and plan change previews,Admins cannot preview invoice impact before changing seats.,High,LATAM
CF-0027,2026-06-26,Mid-Market,Dashboard,negative,Critical,custom executive widgets,Dashboard filters reset when managers switch between account views.,At Risk,APAC
CF-0028,2026-04-23,Strategic,AI Assistant,negative,Medium,AI answers with source citations,AI Assistant summaries are useful but do not always cite the source ticket.,Medium,LATAM
CF-0029,2026-05-31,Strategic,Authentication,positive,Medium,more flexible SSO setup,SAML setup errors block new enterprise admins during rollout.,Low,EMEA
CF-0030,2026-06-11,Enterprise,Reporting,positive,High,scheduled revenue-risk reports,Large revenue-impact reports time out during leadership reviews.,High,EMEA
CF-0031,2026-01-19,Strategic,Authentication,negative,Critical,more flexible SSO setup,SAML setup errors block new enterprise admins during rollout.,At Risk,EMEA
CF-0032,2026-02-03,Strategic,Integrations,neutral,Medium,deeper CRM and warehouse sync controls,CRM handoff records occasionally miss the latest support context.,High,LATAM
CF-0033,2026-01-25,Enterprise,Dashboard,negative,High,custom executive widgets,Dashboard filters reset when managers switch between account views.,Low,LATAM
CF-0034,2026-01-14,Enterprise,Mobile App,neutral,Medium,mobile escalation approvals,Mobile users cannot approve urgent escalations from push notifications.,High,North America
CF-0035,2026-03-05,Mid-Market,AI Assistant,neutral,Medium,AI answers with source citations,AI Assistant summaries are useful but do not always cite the source ticket.,Low,EMEA
CF-0036,2026-03-13,Startup,Integrations,positive,Medium,deeper CRM and warehouse sync controls,CRM handoff records occasionally miss the latest support context.,Low,EMEA
CF-0037,2026-01-26,Enterprise,Authentication,negative,Medium,more flexible SSO setup,SAML setup errors block new enterprise admins during rollout.,High,North America
CF-0038,2026-02-12,Startup,Authentication,negative,Critical,more flexible SSO setup,SAML setup errors block new enterprise admins during rollout.,At Risk,LATAM
CF-0039,2026-02-12,Startup,Reporting,neutral,Medium,scheduled revenue-risk reports,Large revenue-impact reports time out during leadership reviews.,Low,North America
CF-0040,2026-04-27,SMB,Reporting,positive,Critical,scheduled revenue-risk reports,Large revenue-impact reports time out during leadership reviews.,At Risk,LATAM
CF-0041,2026-05-29,Strategic,Reporting,positive,Low,scheduled revenue-risk reports,Large revenue-impact reports time out during leadership reviews.,Low,North America
CF-0042,2026-05-03,Strategic,AI Assistant,positive,High,AI answers with source citations,AI Assistant summaries are useful but do not always cite the source ticket.,High,EMEA
CF-0043,2026-02-17,Enterprise,AI Assistant,positive,Critical,AI answers with source citations,AI Assistant summaries are useful but do not always cite the source ticket.,At Risk,North America
CF-0044,2026-05-26,Mid-Market,Integrations,positive,High,deeper CRM and warehouse sync controls,CRM handoff records occasionally miss the latest support context.,Low,North America
CF-0045,2026-05-25,Strategic,Reporting,neutral,High,scheduled revenue-risk reports,Large revenue-impact reports time out during leadership reviews.,High,APAC
CF-0046,2026-03-09,Startup,Integrations,negative,Medium,deeper CRM and warehouse sync controls,CRM handoff records occasionally miss the latest support context.,Low,EMEA
CF-0047,2026-01-03,Startup,Integrations,negative,Medium,deeper CRM and warehouse sync controls,CRM handoff records occasionally miss the latest support context.,Low,North America
CF-0048,2026-02-03,SMB,Integrations,positive,Low,deeper CRM and warehouse sync controls,CRM handoff records occasionally miss the latest support context.,Medium,North America
CF-0049,2026-02-10,Startup,AI Assistant,neutral,Critical,AI answers with source citations,AI Assistant summaries are useful but do not always cite the source ticket.,At Risk,APAC
CF-0050,2026-05-16,Enterprise,Reporting,negative,High,scheduled revenue-risk reports,Large revenue-impact reports time out during leadership reviews.,High,APAC
CF-0051,2026-01-30,Enterprise,Authentication,positive,Critical,more flexible SSO setup,SAML setup errors block new enterprise admins during rollout.,At Risk,EMEA
CF-0052,2026-03-29,Mid-Market,Integrations,negative,Medium,deeper CRM and warehouse sync controls,CRM handoff records occasionally miss the latest support context.,High,APAC
CF-0053,2026-01-24,Startup,Reporting,negative,Medium,scheduled revenue-risk reports,Large revenue-impact reports time out during leadership reviews.,Low,APAC
CF-0054,2026-03-09,Mid-Market,AI Assistant,negative,Low,AI answers with source citations,AI Assistant summaries are useful but do not always cite the source ticket.,High,LATAM
CF-0055,2026-01-29,Enterprise,Reporting,neutral,High,scheduled revenue-risk reports,Large revenue-impact reports time out during leadership reviews.,Low,EMEA
CF-0056,2026-05-22,Mid-Market,AI Assistant,negative,Medium,AI answers with source citations,AI Assistant summaries are useful but do not always cite the source ticket.,High,LATAM
CF-0057,2026-04-02,Mid-Market,Billing,neutral,Low,clearer seat and plan change previews,Admins cannot preview invoice impact before changing seats.,Low,EMEA
CF-0058,2026-06-08,Mid-Market,Authentication,negative,Medium,more flexible SSO setup,SAML setup errors block new enterprise admins during rollout.,Medium,EMEA
CF-0059,2026-04-16,Enterprise,Billing,negative,Critical,clearer seat and plan change previews,Admins cannot preview invoice impact before changing seats.,At Risk,EMEA
CF-0060,2026-06-21,Mid-Market,Reporting,neutral,High,scheduled revenue-risk reports,Large revenue-impact reports time out during leadership reviews.,Medium,APAC
CF-0061,2026-05-01,Mid-Market,Billing,positive,High,clearer seat and plan change previews,Admins cannot preview invoice impact before changing seats.,Low,EMEA
CF-0062,2026-02-27,Enterprise,Reporting,negative,Medium,scheduled revenue-risk reports,Large revenue-impact reports time out during leadership reviews.,Low,EMEA
CF-0063,2026-03-13,SMB,AI Assistant,positive,Medium,AI answers with source citations,AI Assistant summaries are useful but do not always cite the source ticket.,Low,LATAM
CF-0064,2026-01-08,Enterprise,Integrations,negative,High,deeper CRM and warehouse sync controls,CRM handoff records occasionally miss the latest support context.,Medium,APAC
CF-0065,2026-01-10,Enterprise,Reporting,negative,Low,scheduled revenue-risk reports,Large revenue-impact reports time out during leadership reviews.,Medium,LATAM
CF-0066,2026-05-11,Enterprise,Mobile App,neutral,High,mobile escalation approvals,Mobile users cannot approve urgent escalations from push notifications.,High,LATAM
CF-0067,2026-05-14,Strategic,Dashboard,negative,Medium,custom executive widgets,Dashboard filters reset when managers switch between account views.,Low,EMEA
CF-0068,2026-03-26,Strategic,Integrations,positive,Medium,deeper CRM and warehouse sync controls,CRM handoff records occasionally miss the latest support context.,High,APAC
CF-0069,2026-06-20,Startup,Authentication,neutral,High,more flexible SSO setup,SAML setup errors block new enterprise admins during rollout.,Medium,APAC
CF-0070,2026-02-19,Startup,AI Assistant,positive,Medium,AI answers with source citations,AI Assistant summaries are useful but do not always cite the source ticket.,Low,LATAM
CF-0071,2026-01-01,SMB,Billing,neutral,High,clearer seat and plan change previews,Admins cannot preview invoice impact before changing seats.,High,APAC
CF-0072,2026-06-17,SMB,Integrations,negative,Medium,deeper CRM and warehouse sync controls,CRM handoff records occasionally miss the latest support context.,High,LATAM
CF-0073,2026-02-13,Enterprise,Reporting,positive,Medium,scheduled revenue-risk reports,Large revenue-impact reports time out during leadership reviews.,Medium,APAC
CF-0074,2026-06-22,SMB,Mobile App,negative,Low,mobile escalation approvals,Mobile users cannot approve urgent escalations from push notifications.,Low,EMEA
CF-0075,2026-03-04,Startup,Reporting,positive,High,scheduled revenue-risk reports,Large revenue-impact reports time out during leadership reviews.,Low,North America
CF-0076,2026-02-19,Startup,Integrations,negative,Medium,deeper CRM and warehouse sync controls,CRM handoff records occasionally miss the latest support context.,High,LATAM
CF-0077,2026-01-02,Enterprise,AI Assistant,positive,Medium,AI answers with source citations,AI Assistant summaries are useful but do not always cite the source ticket.,High,LATAM
CF-0078,2026-04-29,Enterprise,Dashboard,negative,Low,custom executive widgets,Dashboard filters reset when managers switch between account views.,High,EMEA
CF-0079,2026-05-16,Strategic,Authentication,negative,Medium,more flexible SSO setup,SAML setup errors block new enterprise admins during rollout.,High,APAC
CF-0080,2026-06-06,Strategic,Reporting,negative,Critical,scheduled revenue-risk reports,Large revenue-impact reports time out during leadership reviews.,At Risk,LATAM
CF-0081,2026-05-02,Startup,Reporting,negative,Critical,scheduled revenue-risk reports,Large revenue-impact reports time out during leadership reviews.,At Risk,APAC
CF-0082,2026-05-05,Mid-Market,Dashboard,positive,High,custom executive widgets,Dashboard filters reset when managers switch between account views.,High,APAC
CF-0083,2026-03-27,SMB,Reporting,positive,Low,scheduled revenue-risk reports,Large revenue-impact reports time out during leadership reviews.,Medium,North America
CF-0084,2026-02-09,Mid-Market,AI Assistant,positive,Low,AI answers with source citations,AI Assistant summaries are useful but do not always cite the source ticket.,High,North America
CF-0085,2026-04-17,Enterprise,Reporting,neutral,Medium,scheduled revenue-risk reports,Large revenue-impact reports time out during leadership reviews.,Medium,EMEA
CF-0086,2026-01-06,Strategic,Notifications,negative,Medium,better notification routing rules,Critical SLA alerts are noisy for managers who own multiple queues.,High,LATAM
CF-0087,2026-04-18,Strategic,Reporting,neutral,Low,scheduled revenue-risk reports,Large revenue-impact reports time out during leadership reviews.,Medium,EMEA
CF-0088,2026-01-08,Startup,Integrations,positive,Medium,deeper CRM and warehouse sync controls,CRM handoff records occasionally miss the latest support context.,Medium,APAC
CF-0089,2026-06-09,Strategic,Notifications,negative,High,better notification routing rules,Critical SLA alerts are noisy for managers who own multiple queues.,Low,North America
CF-0090,2026-06-19,Enterprise,Reporting,negative,Critical,scheduled revenue-risk reports,Large revenue-impact reports time out during leadership reviews.,At Risk,North America
CF-0091,2026-02-16,Enterprise,AI Assistant,positive,High,AI answers with source citations,AI Assistant summaries are useful but do not always cite the source ticket.,Medium,APAC
CF-0092,2026-03-28,Startup,Integrations,positive,Medium,deeper CRM and warehouse sync controls,CRM handoff records occasionally miss the latest support context.,Medium,APAC
CF-0093,2026-05-19,Enterprise,Notifications,positive,Medium,better notification routing rules,Critical SLA alerts are noisy for managers who own multiple queues.,Low,APAC
CF-0094,2026-01-11,Enterprise,Dashboard,negative,High,custom executive widgets,Dashboard filters reset when managers switch between account views.,High,EMEA
CF-0095,2026-03-03,Mid-Market,Reporting,positive,Low,scheduled revenue-risk reports,Large revenue-impact reports time out during leadership reviews.,Low,LATAM
CF-0096,2026-04-30,SMB,Integrations,negative,High,deeper CRM and warehouse sync controls,CRM handoff records occasionally miss the latest support context.,Low,APAC
CF-0097,2026-01-30,Mid-Market,Billing,negative,High,clearer seat and plan change previews,Admins cannot preview invoice impact before changing seats.,High,APAC
CF-0098,2026-05-28,Startup,AI Assistant,positive,Low,AI answers with source citations,AI Assistant summaries are useful but do not always cite the source ticket.,Medium,LATAM
CF-0099,2026-03-04,Enterprise,Dashboard,negative,Low,custom executive widgets,Dashboard filters reset when managers switch between account views.,High,APAC
CF-0100,2026-01-31,Strategic,Reporting,negative,Critical,scheduled revenue-risk reports,Large revenue-impact reports time out during leadership reviews.,At Risk,North America
CF-0101,2026-05-10,SMB,Mobile App,negative,Medium,mobile escalation approvals,Mobile users cannot approve urgent escalations from push notifications.,Low,North America
CF-0102,2026-06-12,Startup,Notifications,positive,High,better notification routing rules,Critical SLA alerts are noisy for managers who own multiple queues.,Medium,EMEA
CF-0103,2026-03-11,Strategic,Notifications,neutral,Low,better notification routing rules,Critical SLA alerts are noisy for managers who own multiple queues.,High,LATAM
CF-0104,2026-03-10,SMB,Integrations,negative,Medium,deeper CRM and warehouse sync controls,CRM handoff records occasionally miss the latest support context.,High,EMEA
CF-0105,2026-03-04,Startup,AI Assistant,positive,High,AI answers with source citations,AI Assistant summaries are useful but do not always cite the source ticket.,Medium,LATAM
CF-0106,2026-05-05,Mid-Market,Mobile App,negative,Low,mobile escalation approvals,Mobile users cannot approve urgent escalations from push notifications.,Low,APAC
CF-0107,2026-03-12,Strategic,Integrations,negative,Medium,deeper CRM and warehouse sync controls,CRM handoff records occasionally miss the latest support context.,High,North America
CF-0108,2026-04-15,Startup,Integrations,positive,Medium,deeper CRM and warehouse sync controls,CRM handoff records occasionally miss the latest support context.,Low,EMEA
CF-0109,2026-01-24,SMB,Reporting,neutral,High,scheduled revenue-risk reports,Large revenue-impact reports time out during leadership reviews.,Low,EMEA
CF-0110,2026-05-29,SMB,Reporting,positive,Medium,scheduled revenue-risk reports,Large revenue-impact reports time out during leadership reviews.,High,LATAM
CF-0111,2026-04-01,Startup,Mobile App,negative,Medium,mobile escalation approvals,Mobile users cannot approve urgent escalations from push notifications.,Medium,APAC
CF-0112,2026-02-19,SMB,AI Assistant,positive,Medium,AI answers with source citations,AI Assistant summaries are useful but do not always cite the source ticket.,High,North America
CF-0113,2026-05-31,Strategic,Billing,negative,Low,clearer seat and plan change previews,Admins cannot preview invoice impact before changing seats.,Medium,APAC
CF-0114,2026-02-15,SMB,Authentication,positive,High,more flexible SSO setup,SAML setup errors block new enterprise admins during rollout.,Medium,North America
CF-0115,2026-01-14,Strategic,Reporting,positive,High,scheduled revenue-risk reports,Large revenue-impact reports time out during leadership reviews.,Low,APAC
CF-0116,2026-01-27,Enterprise,Integrations,positive,High,deeper CRM and warehouse sync controls,CRM handoff records occasionally miss the latest support context.,Medium,APAC
CF-0117,2026-03-06,Startup,Reporting,neutral,Medium,scheduled revenue-risk reports,Large revenue-impact reports time out during leadership reviews.,Low,North America
CF-0118,2026-06-25,Enterprise,Authentication,positive,Medium,more flexible SSO setup,SAML setup errors block new enterprise admins during rollout.,High,EMEA
CF-0119,2026-01-22,Mid-Market,AI Assistant,negative,Low,AI answers with source citations,AI Assistant summaries are useful but do not always cite the source ticket.,Medium,North America
CF-0120,2026-06-08,Mid-Market,Reporting,neutral,High,scheduled revenue-risk reports,Large revenue-impact reports time out during leadership reviews.,High,LATAM
CF-0121,2026-05-31,Startup,Reporting,positive,Critical,scheduled revenue-risk reports,Large revenue-impact reports time out during leadership reviews.,At Risk,APAC
CF-0122,2026-06-10,Mid-Market,AI Assistant,negative,High,AI answers with source citations,AI Assistant summaries are useful but do not always cite the source ticket.,Low,APAC
CF-0123,2026-02-10,Enterprise,Authentication,positive,Low,more flexible SSO setup,SAML setup errors block new enterprise admins during rollout.,Low,LATAM
CF-0124,2026-01-09,Mid-Market,Integrations,negative,Medium,deeper CRM and warehouse sync controls,CRM handoff records occasionally miss the latest support context.,Medium,APAC
CF-0125,2026-01-19,Mid-Market,Reporting,negative,High,scheduled revenue-risk reports,Large revenue-impact reports time out during leadership reviews.,Medium,APAC
CF-0126,2026-02-20,Startup,AI Assistant,negative,High,AI answers with source citations,AI Assistant summaries are useful but do not always cite the source ticket.,High,North America
CF-0127,2026-01-19,Enterprise,Dashboard,negative,High,custom executive widgets,Dashboard filters reset when managers switch between account views.,Low,EMEA
CF-0128,2026-03-15,Startup,Integrations,negative,High,deeper CRM and warehouse sync controls,CRM handoff records occasionally miss the latest support context.,High,North America
CF-0129,2026-05-09,Strategic,Reporting,negative,High,scheduled revenue-risk reports,Large revenue-impact reports time out during leadership reviews.,Medium,LATAM
CF-0130,2026-03-24,Strategic,Reporting,negative,Medium,scheduled revenue-risk reports,Large revenue-impact reports time out during leadership reviews.,Medium,APAC
CF-0131,2026-05-31,Enterprise,AI Assistant,negative,Low,AI answers with source citations,AI Assistant summaries are useful but do not always cite the source ticket.,High,APAC
CF-0132,2026-05-01,Strategic,Integrations,negative,High,deeper CRM and warehouse sync controls,CRM handoff records occasionally miss the latest support context.,Low,LATAM
CF-0133,2026-05-30,Startup,AI Assistant,positive,Critical,AI answers with source citations,AI Assistant summaries are useful but do not always cite the source ticket.,At Risk,LATAM
CF-0134,2026-06-21,Enterprise,Authentication,neutral,Medium,more flexible SSO setup,SAML setup errors block new enterprise admins during rollout.,Medium,EMEA
CF-0135,2026-06-19,Startup,Reporting,negative,Medium,scheduled revenue-risk reports,Large revenue-impact reports time out during leadership reviews.,Medium,North America
CF-0136,2026-01-30,Startup,Integrations,neutral,Medium,deeper CRM and warehouse sync controls,CRM handoff records occasionally miss the latest support context.,Medium,North America
CF-0137,2026-06-09,Startup,Reporting,positive,Medium,scheduled revenue-risk reports,Large revenue-impact reports time out during leadership reviews.,Medium,LATAM
CF-0138,2026-04-23,Startup,AI Assistant,neutral,Medium,AI answers with source citations,AI Assistant summaries are useful but do not always cite the source ticket.,Medium,North America
CF-0139,2026-03-03,Mid-Market,AI Assistant,negative,Critical,AI answers with source citations,AI Assistant summaries are useful but do not always cite the source ticket.,At Risk,APAC
CF-0140,2026-02-27,Enterprise,AI Assistant,negative,High,AI answers with source citations,AI Assistant summaries are useful but do not always cite the source ticket.,Low,LATAM
CF-0141,2026-03-16,Strategic,Authentication,positive,High,more flexible SSO setup,SAML setup errors block new enterprise admins during rollout.,High,APAC
CF-0142,2026-04-27,Strategic,Notifications,negative,High,better notification routing rules,Critical SLA alerts are noisy for managers who own multiple queues.,Low,EMEA
CF-0143,2026-02-04,Enterprise,Notifications,negative,Low,better notification routing rules,Critical SLA alerts are noisy for managers who own multiple queues.,High,APAC
CF-0144,2026-05-10,SMB,Integrations,negative,High,deeper CRM and warehouse sync controls,CRM handoff records occasionally miss the latest support context.,Medium,North America
CF-0145,2026-05-29,Startup,Reporting,positive,Medium,scheduled revenue-risk reports,Large revenue-impact reports time out during leadership reviews.,High,EMEA
CF-0146,2026-05-20,Startup,Reporting,neutral,Medium,scheduled revenue-risk reports,Large revenue-impact reports time out during leadership reviews.,High,LATAM
CF-0147,2026-06-28,Mid-Market,AI Assistant,negative,Critical,AI answers with source citations,AI Assistant summaries are useful but do not always cite the source ticket.,At Risk,LATAM
CF-0148,2026-03-23,Startup,Integrations,negative,Medium,deeper CRM and warehouse sync controls,CRM handoff records occasionally miss the latest support context.,Low,LATAM
CF-0149,2026-06-16,Mid-Market,Notifications,negative,Critical,better notification routing rules,Critical SLA alerts are noisy for managers who own multiple queues.,At Risk,LATAM
CF-0150,2026-06-01,SMB,Reporting,positive,Critical,scheduled revenue-risk reports,Large revenue-impact reports time out during leadership reviews.,At Risk,North America
CF-0151,2026-02-06,Startup,Reporting,negative,Low,scheduled revenue-risk reports,Large revenue-impact reports time out during leadership reviews.,Low,EMEA
CF-0152,2026-03-28,Strategic,Integrations,negative,Low,deeper CRM and warehouse sync controls,CRM handoff records occasionally miss the latest support context.,Medium,LATAM
CF-0153,2026-05-17,Startup,Authentication,negative,Critical,more flexible SSO setup,SAML setup errors block new enterprise admins during rollout.,At Risk,APAC
CF-0154,2026-05-19,Enterprise,AI Assistant,negative,High,AI answers with source citations,AI Assistant summaries are useful but do not always cite the source ticket.,Medium,North America
CF-0155,2026-02-28,Enterprise,Reporting,negative,Medium,scheduled revenue-risk reports,Large revenue-impact reports time out during leadership reviews.,Medium,LATAM
CF-0156,2026-06-30,Enterprise,Integrations,negative,Critical,deeper CRM and warehouse sync controls,CRM handoff records occasionally miss the latest support context.,At Risk,LATAM
CF-0157,2026-03-25,Enterprise,Billing,negative,High,clearer seat and plan change previews,Admins cannot preview invoice impact before changing seats.,Low,APAC
CF-0158,2026-04-16,Strategic,Mobile App,positive,Medium,mobile escalation approvals,Mobile users cannot approve urgent escalations from push notifications.,High,EMEA
CF-0159,2026-06-08,Mid-Market,Billing,negative,Low,clearer seat and plan change previews,Admins cannot preview invoice impact before changing seats.,Medium,LATAM
CF-0160,2026-04-29,SMB,Reporting,positive,Critical,scheduled revenue-risk reports,Large revenue-impact reports time out during leadership reviews.,At Risk,LATAM
CF-0161,2026-03-15,Strategic,AI Assistant,positive,Medium,AI answers with source citations,AI Assistant summaries are useful but do not always cite the source ticket.,Medium,EMEA
CF-0162,2026-03-18,Startup,Authentication,neutral,Medium,more flexible SSO setup,SAML setup errors block new enterprise admins during rollout.,High,APAC
CF-0163,2026-05-04,Enterprise,Reporting,positive,High,scheduled revenue-risk reports,Large revenue-impact reports time out during leadership reviews.,Medium,EMEA
CF-0164,2026-06-29,SMB,Integrations,neutral,Medium,deeper CRM and warehouse sync controls,CRM handoff records occasionally miss the latest support context.,Medium,North America
CF-0165,2026-03-12,Enterprise,Reporting,negative,Critical,scheduled revenue-risk reports,Large revenue-impact reports time out during leadership reviews.,At Risk,North America
CF-0166,2026-06-05,SMB,Reporting,negative,High,scheduled revenue-risk reports,Large revenue-impact reports time out during leadership reviews.,Low,EMEA
CF-0167,2026-06-18,Mid-Market,Dashboard,negative,High,custom executive widgets,Dashboard filters reset when managers switch between account views.,High,North America
CF-0168,2026-03-21,Startup,AI Assistant,negative,Critical,AI answers with source citations,AI Assistant summaries are useful but do not always cite the source ticket.,At Risk,North America
CF-0169,2026-03-25,Startup,Mobile App,positive,High,mobile escalation approvals,Mobile users cannot approve urgent escalations from push notifications.,Medium,EMEA
CF-0170,2026-05-16,Strategic,Reporting,negative,Medium,scheduled revenue-risk reports,Large revenue-impact reports time out during leadership reviews.,Medium,APAC
CF-0171,2026-03-17,SMB,Billing,negative,Medium,clearer seat and plan change previews,Admins cannot preview invoice impact before changing seats.,Medium,North America
CF-0172,2026-06-23,Startup,Integrations,positive,Medium,deeper CRM and warehouse sync controls,CRM handoff records occasionally miss the latest support context.,Low,APAC
CF-0173,2026-02-01,Startup,Authentication,positive,High,more flexible SSO setup,SAML setup errors block new enterprise admins during rollout.,High,APAC
CF-0174,2026-01-28,Mid-Market,Integrations,negative,High,deeper CRM and warehouse sync controls,CRM handoff records occasionally miss the latest support context.,Medium,LATAM
CF-0175,2026-03-25,Strategic,AI Assistant,negative,Low,AI answers with source citations,AI Assistant summaries are useful but do not always cite the source ticket.,High,EMEA
CF-0176,2026-06-29,SMB,Integrations,negative,High,deeper CRM and warehouse sync controls,CRM handoff records occasionally miss the latest support context.,Medium,LATAM
CF-0177,2026-05-07,Enterprise,Authentication,negative,Low,more flexible SSO setup,SAML setup errors block new enterprise admins during rollout.,Medium,North America
CF-0178,2026-04-27,SMB,Dashboard,positive,Critical,custom executive widgets,Dashboard filters reset when managers switch between account views.,At Risk,LATAM
CF-0179,2026-05-06,Strategic,Billing,negative,Critical,clearer seat and plan change previews,Admins cannot preview invoice impact before changing seats.,At Risk,LATAM
CF-0180,2026-06-26,SMB,Reporting,positive,Critical,scheduled revenue-risk reports,Large revenue-impact reports time out during leadership reviews.,At Risk,EMEA
CF-0181,2026-01-26,SMB,Reporting,positive,Medium,scheduled revenue-risk reports,Large revenue-impact reports time out during leadership reviews.,Medium,APAC
CF-0182,2026-04-27,Enterprise,AI Assistant,positive,Low,AI answers with source citations,AI Assistant summaries are useful but do not always cite the source ticket.,Low,EMEA
CF-0183,2026-05-25,Mid-Market,AI Assistant,neutral,Low,AI answers with source citations,AI Assistant summaries are useful but do not always cite the source ticket.,Low,North America
CF-0184,2026-02-25,Mid-Market,Integrations,negative,High,deeper CRM and warehouse sync controls,CRM handoff records occasionally miss the latest support context.,High,APAC
CF-0185,2026-01-01,SMB,Reporting,negative,High,scheduled revenue-risk reports,Large revenue-impact reports time out during leadership reviews.,High,EMEA
CF-0186,2026-06-19,Enterprise,Billing,negative,Medium,clearer seat and plan change previews,Admins cannot preview invoice impact before changing seats.,Low,EMEA
CF-0187,2026-03-24,Enterprise,AI Assistant,negative,Medium,AI answers with source citations,AI Assistant summaries are useful but do not always cite the source ticket.,High,EMEA
CF-0188,2026-05-15,Enterprise,Integrations,positive,Medium,deeper CRM and warehouse sync controls,CRM handoff records occasionally miss the latest support context.,Medium,North America
CF-0189,2026-06-01,Enterprise,AI Assistant,negative,Medium,AI answers with source citations,AI Assistant summaries are useful but do not always cite the source ticket.,High,LATAM
CF-0190,2026-06-18,Strategic,Reporting,negative,Medium,scheduled revenue-risk reports,Large revenue-impact reports time out during leadership reviews.,Low,APAC
CF-0191,2026-04-13,Startup,Reporting,positive,High,scheduled revenue-risk reports,Large revenue-impact reports time out during leadership reviews.,Medium,North America
CF-0192,2026-01-21,SMB,Integrations,negative,Medium,deeper CRM and warehouse sync controls,CRM handoff records occasionally miss the latest support context.,Low,EMEA
CF-0193,2026-05-21,SMB,Authentication,negative,Low,more flexible SSO setup,SAML setup errors block new enterprise admins during rollout.,High,LATAM
CF-0194,2026-06-29,Enterprise,Integrations,negative,Medium,deeper CRM and warehouse sync controls,CRM handoff records occasionally miss the latest support context.,Low,EMEA
CF-0195,2026-03-28,Startup,Reporting,negative,Medium,scheduled revenue-risk reports,Large revenue-impact reports time out during leadership reviews.,Medium,LATAM
CF-0196,2026-03-22,SMB,AI Assistant,positive,Medium,AI answers with source citations,AI Assistant summaries are useful but do not always cite the source ticket.,Medium,APAC
CF-0197,2026-01-22,Enterprise,Billing,neutral,High,clearer seat and plan change previews,Admins cannot preview invoice impact before changing seats.,Low,LATAM
CF-0198,2026-05-23,Enterprise,Authentication,neutral,High,more flexible SSO setup,SAML setup errors block new enterprise admins during rollout.,Low,APAC
CF-0199,2026-01-14,SMB,Authentication,negative,Medium,more flexible SSO setup,SAML setup errors block new enterprise admins during rollout.,Medium,APAC
CF-0200,2026-02-09,Startup,Reporting,negative,Medium,scheduled revenue-risk reports,Large revenue-impact reports time out during leadership reviews.,Low,EMEA
CF-0201,2026-03-13,Strategic,Authentication,negative,Medium,more flexible SSO setup,SAML setup errors block new enterprise admins during rollout.,Low,EMEA
CF-0202,2026-06-07,Strategic,Notifications,negative,High,better notification routing rules,Critical SLA alerts are noisy for managers who own multiple queues.,High,North America
CF-0203,2026-03-10,Enterprise,AI Assistant,negative,High,AI answers with source citations,AI Assistant summaries are useful but do not always cite the source ticket.,High,EMEA
CF-0204,2026-03-31,Enterprise,Integrations,negative,Medium,deeper CRM and warehouse sync controls,CRM handoff records occasionally miss the latest support context.,Medium,EMEA
CF-0205,2026-04-13,Enterprise,Reporting,negative,Critical,scheduled revenue-risk reports,Large revenue-impact reports time out during leadership reviews.,At Risk,EMEA
CF-0206,2026-04-18,Startup,AI Assistant,neutral,Low,AI answers with source citations,AI Assistant summaries are useful but do not always cite the source ticket.,Medium,APAC
CF-0207,2026-06-02,Enterprise,Billing,negative,Medium,clearer seat and plan change previews,Admins cannot preview invoice impact before changing seats.,High,North America
CF-0208,2026-06-22,Enterprise,Integrations,negative,Low,deeper CRM and warehouse sync controls,CRM handoff records occasionally miss the latest support context.,Low,APAC
CF-0209,2026-04-17,SMB,Reporting,neutral,High,scheduled revenue-risk reports,Large revenue-impact reports time out during leadership reviews.,Medium,EMEA
CF-0210,2026-01-29,SMB,AI Assistant,positive,High,AI answers with source citations,AI Assistant summaries are useful but do not always cite the source ticket.,Medium,LATAM
CF-0211,2026-01-15,Enterprise,Integrations,neutral,Low,deeper CRM and warehouse sync controls,CRM handoff records occasionally miss the latest support context.,High,EMEA
CF-0212,2026-03-07,SMB,Integrations,positive,Medium,deeper CRM and warehouse sync controls,CRM handoff records occasionally miss the latest support context.,Low,APAC
CF-0213,2026-02-03,Startup,Authentication,negative,Low,more flexible SSO setup,SAML setup errors block new enterprise admins during rollout.,Low,EMEA
CF-0214,2026-04-22,Enterprise,Mobile App,negative,Low,mobile escalation approvals,Mobile users cannot approve urgent escalations from push notifications.,Low,LATAM
CF-0215,2026-05-28,Startup,Reporting,negative,Critical,scheduled revenue-risk reports,Large revenue-impact reports time out during leadership reviews.,At Risk,LATAM
CF-0216,2026-04-14,Enterprise,Integrations,neutral,High,deeper CRM and warehouse sync controls,CRM handoff records occasionally miss the latest support context.,Low,APAC
CF-0217,2026-06-26,SMB,AI Assistant,negative,Low,AI answers with source citations,AI Assistant summaries are useful but do not always cite the source ticket.,Medium,North America
CF-0218,2026-04-13,Strategic,Notifications,positive,High,better notification routing rules,Critical SLA alerts are noisy for managers who own multiple queues.,High,North America
CF-0219,2026-02-26,SMB,Notifications,negative,Critical,better notification routing rules,Critical SLA alerts are noisy for managers who own multiple queues.,At Risk,EMEA
CF-0220,2026-05-11,Mid-Market,Reporting,negative,Low,scheduled revenue-risk reports,Large revenue-impact reports time out during leadership reviews.,High,APAC
CF-0221,2026-03-02,Enterprise,Mobile App,negative,High,mobile escalation approvals,Mobile users cannot approve urgent escalations from push notifications.,Low,EMEA
CF-0222,2026-01-20,Mid-Market,Integrations,negative,Low,deeper CRM and warehouse sync controls,CRM handoff records occasionally miss the latest support context.,High,LATAM
CF-0223,2026-06-24,Strategic,Reporting,negative,High,scheduled revenue-risk reports,Large revenue-impact reports time out during leadership reviews.,Medium,APAC
CF-0224,2026-02-08,Startup,AI Assistant,negative,Critical,AI answers with source citations,AI Assistant summaries are useful but do not always cite the source ticket.,At Risk,North America
CF-0225,2026-06-01,Enterprise,Reporting,negative,Medium,scheduled revenue-risk reports,Large revenue-impact reports time out during leadership reviews.,Medium,APAC
CF-0226,2026-04-05,SMB,Authentication,neutral,Medium,more flexible SSO setup,SAML setup errors block new enterprise admins during rollout.,Low,North America
CF-0227,2026-05-29,Strategic,Authentication,neutral,High,more flexible SSO setup,SAML setup errors block new enterprise admins during rollout.,Medium,North America
CF-0228,2026-02-18,SMB,Integrations,negative,Medium,deeper CRM and warehouse sync controls,CRM handoff records occasionally miss the latest support context.,High,LATAM
CF-0229,2026-03-29,Enterprise,Billing,neutral,Critical,clearer seat and plan change previews,Admins cannot preview invoice impact before changing seats.,At Risk,EMEA
CF-0230,2026-05-15,Strategic,Reporting,negative,Low,scheduled revenue-risk reports,Large revenue-impact reports time out during leadership reviews.,Medium,EMEA
CF-0231,2026-04-15,SMB,AI Assistant,negative,Medium,AI answers with source citations,AI Assistant summaries are useful but do not always cite the source ticket.,Medium,North America
CF-0232,2026-03-26,Enterprise,Integrations,negative,High,deeper CRM and warehouse sync controls,CRM handoff records occasionally miss the latest support context.,Low,LATAM
CF-0233,2026-02-08,SMB,Integrations,negative,Medium,deeper CRM and warehouse sync controls,CRM handoff records occasionally miss the latest support context.,High,North America
CF-0234,2026-06-17,Startup,Billing,neutral,Critical,clearer seat and plan change previews,Admins cannot preview invoice impact before changing seats.,At Risk,EMEA
CF-0235,2026-05-24,Startup,Reporting,negative,High,scheduled revenue-risk reports,Large revenue-impact reports time out during leadership reviews.,Medium,APAC
CF-0236,2026-06-25,Strategic,Integrations,negative,High,deeper CRM and warehouse sync controls,CRM handoff records occasionally miss the latest support context.,High,North America
CF-0237,2026-02-16,Mid-Market,Notifications,positive,Medium,better notification routing rules,Critical SLA alerts are noisy for managers who own multiple queues.,Medium,APAC
CF-0238,2026-02-27,Mid-Market,AI Assistant,neutral,Critical,AI answers with source citations,AI Assistant summaries are useful but do not always cite the source ticket.,At Risk,EMEA
CF-0239,2026-05-19,Strategic,Authentication,negative,Medium,more flexible SSO setup,SAML setup errors block new enterprise admins during rollout.,High,North America
CF-0240,2026-02-03,Strategic,Reporting,negative,High,scheduled revenue-risk reports,Large revenue-impact reports time out during leadership reviews.,High,LATAM
CF-0241,2026-02-12,Startup,Billing,negative,Low,clearer seat and plan change previews,Admins cannot preview invoice impact before changing seats.,High,North America
CF-0242,2026-06-06,SMB,Notifications,negative,Medium,better notification routing rules,Critical SLA alerts are noisy for managers who own multiple queues.,Medium,LATAM
CF-0243,2026-02-19,SMB,Dashboard,neutral,Medium,custom executive widgets,Dashboard filters reset when managers switch between account views.,Medium,LATAM
CF-0244,2026-05-09,Strategic,Integrations,positive,Medium,deeper CRM and warehouse sync controls,CRM handoff records occasionally miss the latest support context.,Medium,LATAM
CF-0245,2026-06-04,Mid-Market,AI Assistant,negative,Critical,AI answers with source citations,AI Assistant summaries are useful but do not always cite the source ticket.,At Risk,APAC
CF-0246,2026-01-27,Strategic,AI Assistant,negative,High,AI answers with source citations,AI Assistant summaries are useful but do not always cite the source ticket.,High,North America
CF-0247,2026-05-12,Mid-Market,Integrations,positive,Low,deeper CRM and warehouse sync controls,CRM handoff records occasionally miss the latest support context.,Medium,LATAM
CF-0248,2026-03-31,Enterprise,Integrations,negative,Low,deeper CRM and warehouse sync controls,CRM handoff records occasionally miss the latest support context.,Medium,LATAM
CF-0249,2026-01-21,SMB,AI Assistant,neutral,Medium,AI answers with source citations,AI Assistant summaries are useful but do not always cite the source ticket.,Medium,EMEA
CF-0250,2026-06-16,SMB,Reporting,negative,Low,scheduled revenue-risk reports,Large revenue-impact reports time out during leadership reviews.,High,EMEA
CF-0251,2026-06-28,Mid-Market,Billing,negative,Low,clearer seat and plan change previews,Admins cannot preview invoice impact before changing seats.,Medium,LATAM
CF-0252,2026-01-05,SMB,AI Assistant,positive,Medium,AI answers with source citations,AI Assistant summaries are useful but do not always cite the source ticket.,Low,EMEA
CF-0253,2026-04-19,Enterprise,Billing,negative,Medium,clearer seat and plan change previews,Admins cannot preview invoice impact before changing seats.,High,APAC
CF-0254,2026-06-13,Strategic,Dashboard,positive,Medium,custom executive widgets,Dashboard filters reset when managers switch between account views.,Medium,LATAM
CF-0255,2026-06-02,Strategic,Reporting,negative,Low,scheduled revenue-risk reports,Large revenue-impact reports time out during leadership reviews.,Medium,North America
CF-0256,2026-02-06,SMB,Integrations,negative,High,deeper CRM and warehouse sync controls,CRM handoff records occasionally miss the latest support context.,High,LATAM
CF-0257,2026-02-17,Enterprise,AI Assistant,positive,High,AI answers with source citations,AI Assistant summaries are useful but do not always cite the source ticket.,Medium,APAC
CF-0258,2026-05-10,Strategic,Authentication,neutral,Critical,more flexible SSO setup,SAML setup errors block new enterprise admins during rollout.,At Risk,North America
CF-0259,2026-04-10,SMB,AI Assistant,neutral,Medium,AI answers with source citations,AI Assistant summaries are useful but do not always cite the source ticket.,High,APAC
CF-0260,2026-03-30,Mid-Market,Reporting,neutral,High,scheduled revenue-risk reports,Large revenue-impact reports time out during leadership reviews.,Low,North America
CF-0261,2026-06-14,Mid-Market,Mobile App,neutral,Low,mobile escalation approvals,Mobile users cannot approve urgent escalations from push notifications.,Medium,LATAM
CF-0262,2026-04-28,Enterprise,Reporting,negative,High,scheduled revenue-risk reports,Large revenue-impact reports time out during leadership reviews.,Low,APAC
CF-0263,2026-03-22,SMB,Dashboard,positive,Low,custom executive widgets,Dashboard filters reset when managers switch between account views.,Low,LATAM
CF-0264,2026-03-06,Enterprise,Integrations,neutral,Critical,deeper CRM and warehouse sync controls,CRM handoff records occasionally miss the latest support context.,At Risk,EMEA
CF-0265,2026-06-17,SMB,Reporting,negative,Medium,scheduled revenue-risk reports,Large revenue-impact reports time out during leadership reviews.,Low,APAC
CF-0266,2026-04-23,Startup,AI Assistant,neutral,Low,AI answers with source citations,AI Assistant summaries are useful but do not always cite the source ticket.,Medium,APAC
CF-0267,2026-03-10,Enterprise,Billing,neutral,Medium,clearer seat and plan change previews,Admins cannot preview invoice impact before changing seats.,High,LATAM
CF-0268,2026-05-20,SMB,Integrations,negative,Low,deeper CRM and warehouse sync controls,CRM handoff records occasionally miss the latest support context.,Low,APAC
CF-0269,2026-04-25,Strategic,Authentication,negative,Low,more flexible SSO setup,SAML setup errors block new enterprise admins during rollout.,Medium,LATAM
CF-0270,2026-01-11,SMB,Reporting,neutral,Low,scheduled revenue-risk reports,Large revenue-impact reports time out during leadership reviews.,Medium,LATAM
CF-0271,2026-01-20,Startup,Integrations,negative,High,deeper CRM and warehouse sync controls,CRM handoff records occasionally miss the latest support context.,Low,APAC
CF-0272,2026-01-08,Mid-Market,Integrations,negative,Medium,deeper CRM and warehouse sync controls,CRM handoff records occasionally miss the latest support context.,Low,LATAM
CF-0273,2026-04-04,SMB,AI Assistant,positive,Low,AI answers with source citations,AI Assistant summaries are useful but do not always cite the source ticket.,High,LATAM
CF-0274,2026-04-06,Startup,AI Assistant,negative,High,AI answers with source citations,AI Assistant summaries are useful but do not always cite the source ticket.,Medium,North America
CF-0275,2026-03-22,SMB,Reporting,neutral,High,scheduled revenue-risk reports,Large revenue-impact reports time out during leadership reviews.,Medium,EMEA
CF-0276,2026-02-17,Startup,Integrations,positive,Critical,deeper CRM and warehouse sync controls,CRM handoff records occasionally miss the latest support context.,At Risk,LATAM
CF-0277,2026-02-24,Strategic,Authentication,positive,Medium,more flexible SSO setup,SAML setup errors block new enterprise admins during rollout.,Medium,APAC
CF-0278,2026-04-26,Mid-Market,Reporting,positive,Medium,scheduled revenue-risk reports,Large revenue-impact reports time out during leadership reviews.,Low,LATAM
CF-0279,2026-06-20,SMB,Authentication,negative,High,more flexible SSO setup,SAML setup errors block new enterprise admins during rollout.,Medium,North America
CF-0280,2026-02-10,Mid-Market,AI Assistant,positive,Medium,AI answers with source citations,AI Assistant summaries are useful but do not always cite the source ticket.,Medium,APAC
CF-0281,2026-03-02,Startup,Dashboard,positive,Low,custom executive widgets,Dashboard filters reset when managers switch between account views.,Low,North America
CF-0282,2026-02-03,Strategic,Mobile App,neutral,High,mobile escalation approvals,Mobile users cannot approve urgent escalations from push notifications.,High,North America
CF-0283,2026-05-03,Strategic,Authentication,negative,Medium,more flexible SSO setup,SAML setup errors block new enterprise admins during rollout.,High,LATAM
CF-0284,2026-02-02,SMB,Integrations,negative,High,deeper CRM and warehouse sync controls,CRM handoff records occasionally miss the latest support context.,Low,North America
CF-0285,2026-02-02,Strategic,Reporting,negative,Medium,scheduled revenue-risk reports,Large revenue-impact reports time out during leadership reviews.,Medium,EMEA
CF-0286,2026-02-01,Strategic,Billing,negative,Medium,clearer seat and plan change previews,Admins cannot preview invoice impact before changing seats.,Low,EMEA
CF-0287,2026-02-27,SMB,AI Assistant,positive,Medium,AI answers with source citations,AI Assistant summaries are useful but do not always cite the source ticket.,High,APAC
CF-0288,2026-05-22,SMB,Integrations,positive,High,deeper CRM and warehouse sync controls,CRM handoff records occasionally miss the latest support context.,High,EMEA
CF-0289,2026-02-13,Strategic,Integrations,positive,High,deeper CRM and warehouse sync controls,CRM handoff records occasionally miss the latest support context.,High,EMEA
CF-0290,2026-03-28,Strategic,Reporting,negative,Low,scheduled revenue-risk reports,Large revenue-impact reports time out during leadership reviews.,High,North America
CF-0291,2026-03-09,Mid-Market,AI Assistant,negative,Low,AI answers with source citations,AI Assistant summaries are useful but do not always cite the source ticket.,High,LATAM
CF-0292,2026-05-20,SMB,Integrations,positive,High,deeper CRM and warehouse sync controls,CRM handoff records occasionally miss the latest support context.,High,APAC
CF-0293,2026-03-18,Startup,Reporting,negative,Medium,scheduled revenue-risk reports,Large revenue-impact reports time out during leadership reviews.,Medium,North America
CF-0294,2026-05-04,Startup,AI Assistant,positive,High,AI answers with source citations,AI Assistant summaries are useful but do not always cite the source ticket.,Medium,EMEA
CF-0295,2026-03-23,SMB,Reporting,positive,Medium,scheduled revenue-risk reports,Large revenue-impact reports time out during leadership reviews.,High,LATAM
CF-0296,2026-01-28,SMB,Integrations,neutral,Low,deeper CRM and warehouse sync controls,CRM handoff records occasionally miss the latest support context.,High,EMEA
CF-0297,2026-01-25,Enterprise,Reporting,neutral,Low,scheduled revenue-risk reports,Large revenue-impact reports time out during leadership reviews.,Low,APAC
CF-0298,2026-02-10,SMB,Notifications,neutral,Critical,better notification routing rules,Critical SLA alerts are noisy for managers who own multiple queues.,At Risk,APAC
CF-0299,2026-04-30,Startup,Dashboard,neutral,High,custom executive widgets,Dashboard filters reset when managers switch between account views.,High,APAC
CF-0300,2026-05-10,Startup,Reporting,positive,Medium,scheduled revenue-risk reports,Large revenue-impact reports time out during leadership reviews.,Medium,EMEA
CF-0301,2026-03-14,Startup,AI Assistant,neutral,Medium,AI answers with source citations,AI Assistant summaries are useful but do not always cite the source ticket.,Low,LATAM
CF-0302,2026-02-04,SMB,Integrations,negative,Medium,deeper CRM and warehouse sync controls,CRM handoff records occasionally miss the latest support context.,Medium,APAC
CF-0303,2026-05-24,Mid-Market,Notifications,neutral,Medium,better notification routing rules,Critical SLA alerts are noisy for managers who own multiple queues.,High,APAC
CF-0304,2026-04-26,Strategic,Integrations,positive,High,deeper CRM and warehouse sync controls,CRM handoff records occasionally miss the latest support context.,High,APAC
CF-0305,2026-01-31,Mid-Market,Reporting,negative,High,scheduled revenue-risk reports,Large revenue-impact reports time out during leadership reviews.,High,North America
CF-0306,2026-04-04,Mid-Market,Notifications,negative,Medium,better notification routing rules,Critical SLA alerts are noisy for managers who own multiple queues.,High,EMEA
CF-0307,2026-03-27,Startup,Notifications,positive,Medium,better notification routing rules,Critical SLA alerts are noisy for managers who own multiple queues.,Low,LATAM
CF-0308,2026-03-25,Strategic,AI Assistant,negative,Low,AI answers with source citations,AI Assistant summaries are useful but do not always cite the source ticket.,Low,APAC
CF-0309,2026-06-01,SMB,Billing,negative,Medium,clearer seat and plan change previews,Admins cannot preview invoice impact before changing seats.,Medium,LATAM
CF-0310,2026-04-05,SMB,Reporting,positive,High,scheduled revenue-risk reports,Large revenue-impact reports time out during leadership reviews.,Low,North America
CF-0311,2026-06-26,Enterprise,Notifications,negative,High,better notification routing rules,Critical SLA alerts are noisy for managers who own multiple queues.,High,LATAM
CF-0312,2026-05-28,Mid-Market,Integrations,negative,Medium,deeper CRM and warehouse sync controls,CRM handoff records occasionally miss the latest support context.,High,North America
CF-0313,2026-04-08,Mid-Market,Reporting,negative,Low,scheduled revenue-risk reports,Large revenue-impact reports time out during leadership reviews.,High,EMEA
CF-0314,2026-01-05,Startup,AI Assistant,negative,High,AI answers with source citations,AI Assistant summaries are useful but do not always cite the source ticket.,Low,APAC
CF-0315,2026-04-16,Strategic,AI Assistant,neutral,Medium,AI answers with source citations,AI Assistant summaries are useful but do not always cite the source ticket.,Low,LATAM
CF-0316,2026-01-16,Mid-Market,Integrations,negative,Critical,deeper CRM and warehouse sync controls,CRM handoff records occasionally miss the latest support context.,At Risk,EMEA
CF-0317,2026-04-07,SMB,Mobile App,neutral,Critical,mobile escalation approvals,Mobile users cannot approve urgent escalations from push notifications.,At Risk,EMEA
CF-0318,2026-04-01,SMB,Reporting,neutral,Critical,scheduled revenue-risk reports,Large revenue-impact reports time out during leadership reviews.,At Risk,LATAM
CF-0319,2026-03-18,Mid-Market,Dashboard,positive,Critical,custom executive widgets,Dashboard filters reset when managers switch between account views.,At Risk,APAC
CF-0320,2026-06-30,Startup,Reporting,negative,High,scheduled revenue-risk reports,Large revenue-impact reports time out during leadership reviews.,High,APAC
CF-0321,2026-03-12,SMB,Reporting,negative,Medium,scheduled revenue-risk reports,Large revenue-impact reports time out during leadership reviews.,High,North America
CF-0322,2026-03-30,Mid-Market,AI Assistant,neutral,High,AI answers with source citations,AI Assistant summaries are useful but do not always cite the source ticket.,Medium,APAC
CF-0323,2026-04-24,SMB,AI Assistant,negative,Medium,AI answers with source citations,AI Assistant summaries are useful but do not always cite the source ticket.,Medium,LATAM
CF-0324,2026-05-24,SMB,Integrations,negative,Medium,deeper CRM and warehouse sync controls,CRM handoff records occasionally miss the latest support context.,Medium,EMEA
CF-0325,2026-03-04,Enterprise,Reporting,negative,Low,scheduled revenue-risk reports,Large revenue-impact reports time out during leadership reviews.,Low,EMEA
CF-0326,2026-05-01,Enterprise,Dashboard,neutral,Low,custom executive widgets,Dashboard filters reset when managers switch between account views.,High,EMEA
CF-0327,2026-02-10,Startup,AI Assistant,negative,Critical,AI answers with source citations,AI Assistant summaries are useful but do not always cite the source ticket.,At Risk,LATAM
CF-0328,2026-03-24,SMB,Integrations,positive,Medium,deeper CRM and warehouse sync controls,CRM handoff records occasionally miss the latest support context.,Medium,North America
CF-0329,2026-05-27,Mid-Market,AI Assistant,positive,Critical,AI answers with source citations,AI Assistant summaries are useful but do not always cite the source ticket.,At Risk,North America
CF-0330,2026-02-15,Enterprise,Reporting,positive,Critical,scheduled revenue-risk reports,Large revenue-impact reports time out during leadership reviews.,At Risk,LATAM
CF-0331,2026-01-10,Enterprise,Reporting,negative,Low,scheduled revenue-risk reports,Large revenue-impact reports time out during leadership reviews.,Medium,APAC
CF-0332,2026-03-14,Startup,Integrations,positive,High,deeper CRM and warehouse sync controls,CRM handoff records occasionally miss the latest support context.,Medium,LATAM
CF-0333,2026-02-19,Enterprise,Billing,neutral,Critical,clearer seat and plan change previews,Admins cannot preview invoice impact before changing seats.,At Risk,APAC
CF-0334,2026-02-17,Enterprise,Billing,negative,High,clearer seat and plan change previews,Admins cannot preview invoice impact before changing seats.,High,APAC
CF-0335,2026-02-14,Strategic,Reporting,negative,High,scheduled revenue-risk reports,Large revenue-impact reports time out during leadership reviews.,Low,LATAM
CF-0336,2026-04-13,Enterprise,AI Assistant,neutral,High,AI answers with source citations,AI Assistant summaries are useful but do not always cite the source ticket.,Low,EMEA
CF-0337,2026-03-08,Startup,Billing,negative,Medium,clearer seat and plan change previews,Admins cannot preview invoice impact before changing seats.,Low,EMEA
CF-0338,2026-05-30,Strategic,Reporting,negative,High,scheduled revenue-risk reports,Large revenue-impact reports time out during leadership reviews.,Medium,North America
CF-0339,2026-06-20,Enterprise,Integrations,negative,High,deeper CRM and warehouse sync controls,CRM handoff records occasionally miss the latest support context.,Low,LATAM
CF-0340,2026-06-30,SMB,Reporting,neutral,Medium,scheduled revenue-risk reports,Large revenue-impact reports time out during leadership reviews.,High,North America
CF-0341,2026-05-03,Mid-Market,Integrations,positive,Medium,deeper CRM and warehouse sync controls,CRM handoff records occasionally miss the latest support context.,Low,LATAM
CF-0342,2026-05-18,Mid-Market,Mobile App,neutral,Medium,mobile escalation approvals,Mobile users cannot approve urgent escalations from push notifications.,Medium,EMEA
CF-0343,2026-05-15,Startup,AI Assistant,negative,High,AI answers with source citations,AI Assistant summaries are useful but do not always cite the source ticket.,Low,APAC
CF-0344,2026-05-21,Strategic,Integrations,negative,Low,deeper CRM and warehouse sync controls,CRM handoff records occasionally miss the latest support context.,Low,EMEA
CF-0345,2026-05-14,Startup,Reporting,positive,High,scheduled revenue-risk reports,Large revenue-impact reports time out during leadership reviews.,Medium,North America
CF-0346,2026-04-25,Enterprise,Dashboard,neutral,High,custom executive widgets,Dashboard filters reset when managers switch between account views.,High,LATAM
CF-0347,2026-05-24,Startup,Billing,neutral,Medium,clearer seat and plan change previews,Admins cannot preview invoice impact before changing seats.,Low,APAC
CF-0348,2026-02-25,Strategic,Integrations,neutral,High,deeper CRM and warehouse sync controls,CRM handoff records occasionally miss the latest support context.,Low,North America
CF-0349,2026-01-16,Enterprise,AI Assistant,negative,Medium,AI answers with source citations,AI Assistant summaries are useful but do not always cite the source ticket.,High,LATAM
CF-0350,2026-06-14,Startup,AI Assistant,neutral,Low,AI answers with source citations,AI Assistant summaries are useful but do not always cite the source ticket.,Low,APAC
CF-0351,2026-04-07,Enterprise,Notifications,negative,Medium,better notification routing rules,Critical SLA alerts are noisy for managers who own multiple queues.,Medium,EMEA
CF-0352,2026-05-18,Startup,Integrations,neutral,High,deeper CRM and warehouse sync controls,CRM handoff records occasionally miss the latest support context.,Low,EMEA
CF-0353,2026-04-29,Strategic,Dashboard,negative,High,custom executive widgets,Dashboard filters reset when managers switch between account views.,Medium,LATAM
CF-0354,2026-02-09,SMB,Notifications,positive,High,better notification routing rules,Critical SLA alerts are noisy for managers who own multiple queues.,Medium,EMEA
CF-0355,2026-01-29,Enterprise,Reporting,negative,Critical,scheduled revenue-risk reports,Large revenue-impact reports time out during leadership reviews.,At Risk,LATAM
CF-0356,2026-03-03,Mid-Market,Integrations,negative,High,deeper CRM and warehouse sync controls,CRM handoff records occasionally miss the latest support context.,Low,North America
CF-0357,2026-06-22,Enterprise,AI Assistant,positive,Low,AI answers with source citations,AI Assistant summaries are useful but do not always cite the source ticket.,High,EMEA
CF-0358,2026-01-15,Mid-Market,AI Assistant,positive,Medium,AI answers with source citations,AI Assistant summaries are useful but do not always cite the source ticket.,Low,APAC
CF-0359,2026-05-28,Strategic,Dashboard,negative,High,custom executive widgets,Dashboard filters reset when managers switch between account views.,Medium,APAC
CF-0360,2026-05-14,Mid-Market,Reporting,negative,Medium,scheduled revenue-risk reports,Large revenue-impact reports time out during leadership reviews.,High,LATAM
CF-0361,2026-02-14,Startup,Integrations,negative,Medium,deeper CRM and warehouse sync controls,CRM handoff records occasionally miss the latest support context.,High,LATAM
CF-0362,2026-06-21,Startup,AI Assistant,negative,Critical,AI answers with source citations,AI Assistant summaries are useful but do not always cite the source ticket.,At Risk,APAC
CF-0363,2026-05-18,Startup,Notifications,positive,Medium,better notification routing rules,Critical SLA alerts are noisy for managers who own multiple queues.,Low,EMEA
CF-0364,2026-02-06,Startup,AI Assistant,neutral,High,AI answers with source citations,AI Assistant summaries are useful but do not always cite the source ticket.,High,North America
CF-0365,2026-05-16,Mid-Market,Reporting,negative,High,scheduled revenue-risk reports,Large revenue-impact reports time out during leadership reviews.,High,LATAM
CF-0366,2026-04-26,SMB,Dashboard,neutral,Medium,custom executive widgets,Dashboard filters reset when managers switch between account views.,Low,North America
CF-0367,2026-06-04,Enterprise,Dashboard,neutral,Low,custom executive widgets,Dashboard filters reset when managers switch between account views.,High,North America
CF-0368,2026-06-21,Strategic,Integrations,negative,Low,deeper CRM and warehouse sync controls,CRM handoff records occasionally miss the latest support context.,High,EMEA
CF-0369,2026-01-04,Mid-Market,Reporting,negative,Medium,scheduled revenue-risk reports,Large revenue-impact reports time out during leadership reviews.,Medium,EMEA
CF-0370,2026-05-03,Mid-Market,Reporting,positive,Critical,scheduled revenue-risk reports,Large revenue-impact reports time out during leadership reviews.,At Risk,EMEA
CF-0371,2026-03-14,Startup,AI Assistant,positive,Medium,AI answers with source citations,AI Assistant summaries are useful but do not always cite the source ticket.,Medium,LATAM
CF-0372,2026-04-03,Strategic,Integrations,neutral,Medium,deeper CRM and warehouse sync controls,CRM handoff records occasionally miss the latest support context.,Medium,LATAM
CF-0373,2026-03-23,Mid-Market,Reporting,negative,Low,scheduled revenue-risk reports,Large revenue-impact reports time out during leadership reviews.,Medium,APAC
CF-0374,2026-02-07,Enterprise,Mobile App,negative,Medium,mobile escalation approvals,Mobile users cannot approve urgent escalations from push notifications.,Low,APAC
CF-0375,2026-04-17,SMB,Reporting,negative,High,scheduled revenue-risk reports,Large revenue-impact reports time out during leadership reviews.,High,EMEA
CF-0376,2026-03-04,Startup,Integrations,positive,Low,deeper CRM and warehouse sync controls,CRM handoff records occasionally miss the latest support context.,High,APAC
CF-0377,2026-06-14,Startup,Integrations,neutral,High,deeper CRM and warehouse sync controls,CRM handoff records occasionally miss the latest support context.,High,LATAM
CF-0378,2026-02-05,Strategic,AI Assistant,negative,Low,AI answers with source citations,AI Assistant summaries are useful but do not always cite the source ticket.,Low,LATAM
CF-0379,2026-06-14,Enterprise,Billing,neutral,Critical,clearer seat and plan change previews,Admins cannot preview invoice impact before changing seats.,At Risk,North America
CF-0380,2026-01-13,Enterprise,Reporting,positive,High,scheduled revenue-risk reports,Large revenue-impact reports time out during leadership reviews.,High,LATAM
CF-0381,2026-02-08,Enterprise,Billing,positive,High,clearer seat and plan change previews,Admins cannot preview invoice impact before changing seats.,High,EMEA
CF-0382,2026-06-07,Startup,Reporting,negative,Medium,scheduled revenue-risk reports,Large revenue-impact reports time out during leadership reviews.,High,LATAM
CF-0383,2026-01-05,Strategic,AI Assistant,negative,Low,AI answers with source citations,AI Assistant summaries are useful but do not always cite the source ticket.,Low,APAC
CF-0384,2026-06-28,Startup,Integrations,positive,Medium,deeper CRM and warehouse sync controls,CRM handoff records occasionally miss the latest support context.,High,EMEA
CF-0385,2026-03-03,Mid-Market,AI Assistant,positive,Low,AI answers with source citations,AI Assistant summaries are useful but do not always cite the source ticket.,Low,APAC
CF-0386,2026-04-14,Startup,Mobile App,neutral,Medium,mobile escalation approvals,Mobile users cannot approve urgent escalations from push notifications.,Medium,EMEA
CF-0387,2026-06-17,Enterprise,Dashboard,negative,Medium,custom executive widgets,Dashboard filters reset when managers switch between account views.,Low,North America
CF-0388,2026-01-15,Enterprise,Integrations,neutral,Medium,deeper CRM and warehouse sync controls,CRM handoff records occasionally miss the latest support context.,Medium,EMEA
CF-0389,2026-05-25,Enterprise,Authentication,neutral,Medium,more flexible SSO setup,SAML setup errors block new enterprise admins during rollout.,Medium,North America
CF-0390,2026-05-26,Startup,Reporting,negative,Medium,scheduled revenue-risk reports,Large revenue-impact reports time out during leadership reviews.,High,APAC
CF-0391,2026-03-13,Strategic,AI Assistant,negative,Critical,AI answers with source citations,AI Assistant summaries are useful but do not always cite the source ticket.,At Risk,North America
CF-0392,2026-02-23,Strategic,AI Assistant,negative,Low,AI answers with source citations,AI Assistant summaries are useful but do not always cite the source ticket.,Low,EMEA
CF-0393,2026-05-25,Mid-Market,Notifications,positive,Critical,better notification routing rules,Critical SLA alerts are noisy for managers who own multiple queues.,At Risk,LATAM
CF-0394,2026-01-21,Strategic,Mobile App,negative,Medium,mobile escalation approvals,Mobile users cannot approve urgent escalations from push notifications.,High,APAC
CF-0395,2026-03-29,Strategic,Reporting,neutral,Low,scheduled revenue-risk reports,Large revenue-impact reports time out during leadership reviews.,Low,LATAM
CF-0396,2026-06-12,SMB,Integrations,neutral,Critical,deeper CRM and warehouse sync controls,CRM handoff records occasionally miss the latest support context.,At Risk,LATAM
CF-0397,2026-04-21,Mid-Market,Reporting,negative,Medium,scheduled revenue-risk reports,Large revenue-impact reports time out during leadership reviews.,Medium,LATAM
CF-0398,2026-01-19,Enterprise,Authentication,positive,High,more flexible SSO setup,SAML setup errors block new enterprise admins during rollout.,Low,APAC
CF-0399,2026-02-09,Startup,AI Assistant,negative,Low,AI answers with source citations,AI Assistant summaries are useful but do not always cite the source ticket.,High,APAC
CF-0400,2026-04-24,SMB,Reporting,positive,Medium,scheduled revenue-risk reports,Large revenue-impact reports time out during leadership reviews.,Medium,APAC
CF-0401,2026-05-23,Strategic,Authentication,positive,Low,more flexible SSO setup,SAML setup errors block new enterprise admins during rollout.,Medium,LATAM
CF-0402,2026-06-02,Strategic,Authentication,neutral,Low,more flexible SSO setup,SAML setup errors block new enterprise admins during rollout.,Low,APAC
CF-0403,2026-05-24,Mid-Market,Notifications,neutral,Low,better notification routing rules,Critical SLA alerts are noisy for managers who own multiple queues.,Low,EMEA
CF-0404,2026-03-19,SMB,Integrations,positive,High,deeper CRM and warehouse sync controls,CRM handoff records occasionally miss the latest support context.,Medium,LATAM
CF-0405,2026-04-18,SMB,Reporting,positive,Low,scheduled revenue-risk reports,Large revenue-impact reports time out during leadership reviews.,Medium,LATAM
CF-0406,2026-06-10,Startup,AI Assistant,neutral,High,AI answers with source citations,AI Assistant summaries are useful but do not always cite the source ticket.,Low,EMEA
CF-0407,2026-03-27,Strategic,Reporting,neutral,Low,scheduled revenue-risk reports,Large revenue-impact reports time out during leadership reviews.,Medium,LATAM
CF-0408,2026-04-21,Strategic,Integrations,neutral,High,deeper CRM and warehouse sync controls,CRM handoff records occasionally miss the latest support context.,Medium,EMEA
CF-0409,2026-05-03,SMB,Integrations,negative,Medium,deeper CRM and warehouse sync controls,CRM handoff records occasionally miss the latest support context.,Low,EMEA
CF-0410,2026-03-16,Startup,Reporting,negative,Critical,scheduled revenue-risk reports,Large revenue-impact reports time out during leadership reviews.,At Risk,EMEA
CF-0411,2026-04-04,Enterprise,Mobile App,negative,Medium,mobile escalation approvals,Mobile users cannot approve urgent escalations from push notifications.,Medium,EMEA
CF-0412,2026-05-21,Enterprise,Integrations,neutral,High,deeper CRM and warehouse sync controls,CRM handoff records occasionally miss the latest support context.,High,LATAM
CF-0413,2026-03-16,Enterprise,AI Assistant,positive,Critical,AI answers with source citations,AI Assistant summaries are useful but do not always cite the source ticket.,At Risk,LATAM
CF-0414,2026-06-18,Mid-Market,Reporting,neutral,Low,scheduled revenue-risk reports,Large revenue-impact reports time out during leadership reviews.,Medium,LATAM
CF-0415,2026-05-03,Strategic,Reporting,positive,High,scheduled revenue-risk reports,Large revenue-impact reports time out during leadership reviews.,High,LATAM
CF-0416,2026-04-18,Strategic,Integrations,negative,Medium,deeper CRM and warehouse sync controls,CRM handoff records occasionally miss the latest support context.,High,North America
CF-0417,2026-06-13,Enterprise,Mobile App,negative,High,mobile escalation approvals,Mobile users cannot approve urgent escalations from push notifications.,High,North America
CF-0418,2026-06-06,Enterprise,Dashboard,neutral,High,custom executive widgets,Dashboard filters reset when managers switch between account views.,High,LATAM
CF-0419,2026-01-03,Enterprise,Mobile App,neutral,Critical,mobile escalation approvals,Mobile users cannot approve urgent escalations from push notifications.,At Risk,APAC
CF-0420,2026-05-29,Strategic,AI Assistant,negative,Medium,AI answers with source citations,AI Assistant summaries are useful but do not always cite the source ticket.,High,EMEA
CF-0421,2026-05-31,Strategic,Reporting,neutral,Medium,scheduled revenue-risk reports,Large revenue-impact reports time out during leadership reviews.,High,EMEA
CF-0422,2026-03-17,Startup,Mobile App,neutral,Critical,mobile escalation approvals,Mobile users cannot approve urgent escalations from push notifications.,At Risk,North America
CF-0423,2026-03-21,SMB,Authentication,negative,High,more flexible SSO setup,SAML setup errors block new enterprise admins during rollout.,Medium,LATAM
CF-0424,2026-05-02,Enterprise,Integrations,neutral,High,deeper CRM and warehouse sync controls,CRM handoff records occasionally miss the latest support context.,Medium,LATAM
CF-0425,2026-03-18,Enterprise,Reporting,neutral,High,scheduled revenue-risk reports,Large revenue-impact reports time out during leadership reviews.,Low,North America
CF-0426,2026-02-12,Mid-Market,AI Assistant,negative,High,AI answers with source citations,AI Assistant summaries are useful but do not always cite the source ticket.,High,EMEA
CF-0427,2026-04-29,Mid-Market,AI Assistant,neutral,High,AI answers with source citations,AI Assistant summaries are useful but do not always cite the source ticket.,Medium,LATAM
CF-0428,2026-04-21,Startup,Integrations,positive,High,deeper CRM and warehouse sync controls,CRM handoff records occasionally miss the latest support context.,High,North America
CF-0429,2026-06-30,Mid-Market,Dashboard,neutral,Medium,custom executive widgets,Dashboard filters reset when managers switch between account views.,Low,EMEA
CF-0430,2026-05-28,Enterprise,Reporting,negative,Medium,scheduled revenue-risk reports,Large revenue-impact reports time out during leadership reviews.,Low,EMEA
CF-0431,2026-06-21,Startup,Mobile App,neutral,Medium,mobile escalation approvals,Mobile users cannot approve urgent escalations from push notifications.,Medium,APAC
CF-0432,2026-01-30,SMB,Integrations,negative,High,deeper CRM and warehouse sync controls,CRM handoff records occasionally miss the latest support context.,High,APAC
CF-0433,2026-03-18,Strategic,Reporting,negative,High,scheduled revenue-risk reports,Large revenue-impact reports time out during leadership reviews.,High,North America
CF-0434,2026-03-20,Enterprise,AI Assistant,neutral,High,AI answers with source citations,AI Assistant summaries are useful but do not always cite the source ticket.,Low,EMEA
CF-0435,2026-04-18,Strategic,Reporting,positive,Medium,scheduled revenue-risk reports,Large revenue-impact reports time out during leadership reviews.,Medium,EMEA
CF-0436,2026-06-12,Strategic,Integrations,neutral,High,deeper CRM and warehouse sync controls,CRM handoff records occasionally miss the latest support context.,Medium,EMEA
CF-0437,2026-04-26,Strategic,Billing,positive,Medium,clearer seat and plan change previews,Admins cannot preview invoice impact before changing seats.,Medium,North America
CF-0438,2026-02-19,Startup,Mobile App,neutral,Critical,mobile escalation approvals,Mobile users cannot approve urgent escalations from push notifications.,At Risk,LATAM
CF-0439,2026-05-06,Mid-Market,Notifications,neutral,High,better notification routing rules,Critical SLA alerts are noisy for managers who own multiple queues.,Medium,North America
CF-0440,2026-03-16,Enterprise,Reporting,negative,High,scheduled revenue-risk reports,Large revenue-impact reports time out during leadership reviews.,Low,APAC
CF-0441,2026-05-25,Startup,AI Assistant,positive,Medium,AI answers with source citations,AI Assistant summaries are useful but do not always cite the source ticket.,Medium,North America
CF-0442,2026-05-19,Enterprise,Authentication,neutral,Medium,more flexible SSO setup,SAML setup errors block new enterprise admins during rollout.,Medium,LATAM
CF-0443,2026-06-17,Mid-Market,Dashboard,positive,Critical,custom executive widgets,Dashboard filters reset when managers switch between account views.,At Risk,APAC
CF-0444,2026-03-09,SMB,Integrations,positive,Critical,deeper CRM and warehouse sync controls,CRM handoff records occasionally miss the latest support context.,At Risk,North America
CF-0445,2026-02-23,Strategic,Reporting,negative,Medium,scheduled revenue-risk reports,Large revenue-impact reports time out during leadership reviews.,Low,APAC
CF-0446,2026-02-22,Enterprise,Notifications,positive,Low,better notification routing rules,Critical SLA alerts are noisy for managers who own multiple queues.,Low,APAC
CF-0447,2026-03-16,SMB,Integrations,positive,High,deeper CRM and warehouse sync controls,CRM handoff records occasionally miss the latest support context.,High,APAC
CF-0448,2026-06-23,Enterprise,AI Assistant,neutral,Critical,AI answers with source citations,AI Assistant summaries are useful but do not always cite the source ticket.,At Risk,EMEA
CF-0449,2026-06-17,Mid-Market,Notifications,negative,Critical,better notification routing rules,Critical SLA alerts are noisy for managers who own multiple queues.,At Risk,EMEA
CF-0450,2026-06-23,Startup,Reporting,negative,Medium,scheduled revenue-risk reports,Large revenue-impact reports time out during leadership reviews.,Low,LATAM
CF-0451,2026-04-07,Startup,Billing,positive,High,clearer seat and plan change previews,Admins cannot preview invoice impact before changing seats.,Medium,North America
CF-0452,2026-04-14,Strategic,Integrations,negative,High,deeper CRM and warehouse sync controls,CRM handoff records occasionally miss the latest support context.,Low,APAC
CF-0453,2026-01-01,Enterprise,Mobile App,neutral,Medium,mobile escalation approvals,Mobile users cannot approve urgent escalations from push notifications.,High,LATAM
CF-0454,2026-04-12,Mid-Market,Mobile App,negative,Critical,mobile escalation approvals,Mobile users cannot approve urgent escalations from push notifications.,At Risk,LATAM
CF-0455,2026-03-14,SMB,AI Assistant,neutral,High,AI answers with source citations,AI Assistant summaries are useful but do not always cite the source ticket.,Medium,EMEA
CF-0456,2026-06-24,Enterprise,Integrations,neutral,High,deeper CRM and warehouse sync controls,CRM handoff records occasionally miss the latest support context.,Medium,North America
CF-0457,2026-02-01,Mid-Market,Authentication,negative,High,more flexible SSO setup,SAML setup errors block new enterprise admins during rollout.,Low,LATAM
CF-0458,2026-06-26,Mid-Market,Reporting,negative,Low,scheduled revenue-risk reports,Large revenue-impact reports time out during leadership reviews.,Low,APAC
CF-0459,2026-01-24,SMB,Billing,negative,Critical,clearer seat and plan change previews,Admins cannot preview invoice impact before changing seats.,At Risk,APAC
CF-0460,2026-02-12,Enterprise,Reporting,negative,Low,scheduled revenue-risk reports,Large revenue-impact reports time out during leadership reviews.,High,LATAM
CF-0461,2026-06-17,Enterprise,Integrations,negative,High,deeper CRM and warehouse sync controls,CRM handoff records occasionally miss the latest support context.,Medium,North America
CF-0462,2026-06-01,Mid-Market,AI Assistant,neutral,Low,AI answers with source citations,AI Assistant summaries are useful but do not always cite the source ticket.,Low,LATAM
CF-0463,2026-04-19,Mid-Market,AI Assistant,neutral,Low,AI answers with source citations,AI Assistant summaries are useful but do not always cite the source ticket.,Low,LATAM
CF-0464,2026-01-27,Enterprise,Integrations,neutral,Low,deeper CRM and warehouse sync controls,CRM handoff records occasionally miss the latest support context.,High,APAC
CF-0465,2026-02-04,Mid-Market,Reporting,positive,Medium,scheduled revenue-risk reports,Large revenue-impact reports time out during leadership reviews.,Medium,North America
CF-0466,2026-02-24,Mid-Market,AI Assistant,positive,High,AI answers with source citations,AI Assistant summaries are useful but do not always cite the source ticket.,Medium,LATAM
CF-0467,2026-01-26,Mid-Market,Reporting,positive,Critical,scheduled revenue-risk reports,Large revenue-impact reports time out during leadership reviews.,At Risk,North America
CF-0468,2026-03-22,Mid-Market,Integrations,neutral,High,deeper CRM and warehouse sync controls,CRM handoff records occasionally miss the latest support context.,Medium,EMEA
CF-0469,2026-06-03,Strategic,AI Assistant,positive,Medium,AI answers with source citations,AI Assistant summaries are useful but do not always cite the source ticket.,High,APAC
CF-0470,2026-03-19,Mid-Market,Reporting,negative,High,scheduled revenue-risk reports,Large revenue-impact reports time out during leadership reviews.,High,EMEA
CF-0471,2026-05-07,Startup,Notifications,positive,Medium,better notification routing rules,Critical SLA alerts are noisy for managers who own multiple queues.,Low,North America
CF-0472,2026-05-16,Enterprise,Integrations,negative,Medium,deeper CRM and warehouse sync controls,CRM handoff records occasionally miss the latest support context.,Low,APAC
CF-0473,2026-04-18,SMB,Mobile App,negative,Low,mobile escalation approvals,Mobile users cannot approve urgent escalations from push notifications.,High,EMEA
CF-0474,2026-01-05,Strategic,Reporting,negative,Critical,scheduled revenue-risk reports,Large revenue-impact reports time out during leadership reviews.,At Risk,North America
CF-0475,2026-04-12,Strategic,Reporting,positive,Low,scheduled revenue-risk reports,Large revenue-impact reports time out during leadership reviews.,Low,APAC
CF-0476,2026-04-19,Startup,AI Assistant,neutral,High,AI answers with source citations,AI Assistant summaries are useful but do not always cite the source ticket.,Medium,North America
CF-0477,2026-02-22,Mid-Market,Billing,neutral,Medium,clearer seat and plan change previews,Admins cannot preview invoice impact before changing seats.,High,APAC
CF-0478,2026-06-24,Enterprise,Notifications,negative,High,better notification routing rules,Critical SLA alerts are noisy for managers who own multiple queues.,High,APAC
CF-0479,2026-03-04,Enterprise,Notifications,negative,High,better notification routing rules,Critical SLA alerts are noisy for managers who own multiple queues.,Low,LATAM
CF-0480,2026-03-21,Mid-Market,Reporting,negative,Low,scheduled revenue-risk reports,Large revenue-impact reports time out during leadership reviews.,Low,North America
CF-0481,2026-05-08,SMB,AI Assistant,negative,High,AI answers with source citations,AI Assistant summaries are useful but do not always cite the source ticket.,Low,APAC
CF-0482,2026-01-31,Enterprise,Billing,negative,Medium,clearer seat and plan change previews,Admins cannot preview invoice impact before changing seats.,Medium,APAC
CF-0483,2026-03-09,Strategic,AI Assistant,positive,High,AI answers with source citations,AI Assistant summaries are useful but do not always cite the source ticket.,Low,North America
CF-0484,2026-05-08,Strategic,Integrations,neutral,Medium,deeper CRM and warehouse sync controls,CRM handoff records occasionally miss the latest support context.,Low,EMEA
CF-0485,2026-05-27,Enterprise,Reporting,positive,Medium,scheduled revenue-risk reports,Large revenue-impact reports time out during leadership reviews.,Low,EMEA
CF-0486,2026-01-12,Startup,AI Assistant,negative,Low,AI answers with source citations,AI Assistant summaries are useful but do not always cite the source ticket.,Low,APAC
CF-0487,2026-01-10,Strategic,Notifications,positive,Critical,better notification routing rules,Critical SLA alerts are noisy for managers who own multiple queues.,At Risk,LATAM
CF-0488,2026-03-23,SMB,Integrations,positive,Medium,deeper CRM and warehouse sync controls,CRM handoff records occasionally miss the latest support context.,High,North America
CF-0489,2026-02-15,Mid-Market,Mobile App,negative,Low,mobile escalation approvals,Mobile users cannot approve urgent escalations from push notifications.,Low,North America
CF-0490,2026-04-30,SMB,AI Assistant,positive,Critical,AI answers with source citations,AI Assistant summaries are useful but do not always cite the source ticket.,At Risk,APAC
CF-0491,2026-02-21,SMB,Mobile App,neutral,Low,mobile escalation approvals,Mobile users cannot approve urgent escalations from push notifications.,Medium,APAC
CF-0492,2026-06-01,Startup,Integrations,positive,High,deeper CRM and warehouse sync controls,CRM handoff records occasionally miss the latest support context.,Medium,EMEA
CF-0493,2026-03-01,Strategic,Dashboard,negative,Low,custom executive widgets,Dashboard filters reset when managers switch between account views.,Low,APAC
CF-0494,2026-06-18,Startup,AI Assistant,positive,Critical,AI answers with source citations,AI Assistant summaries are useful but do not always cite the source ticket.,At Risk,APAC
CF-0495,2026-04-18,Startup,Reporting,neutral,Low,scheduled revenue-risk reports,Large revenue-impact reports time out during leadership reviews.,Low,North America
CF-0496,2026-03-13,Enterprise,Integrations,positive,Critical,deeper CRM and warehouse sync controls,CRM handoff records occasionally miss the latest support context.,At Risk,North America
CF-0497,2026-05-14,Startup,AI Assistant,negative,Critical,AI answers with source citations,AI Assistant summaries are useful but do not always cite the source ticket.,At Risk,APAC
CF-0498,2026-01-25,Strategic,Reporting,positive,Critical,scheduled revenue-risk reports,Large revenue-impact reports time out during leadership reviews.,At Risk,EMEA
CF-0499,2026-06-19,Mid-Market,Notifications,negative,Low,better notification routing rules,Critical SLA alerts are noisy for managers who own multiple queues.,Medium,EMEA
CF-0500,2026-06-29,SMB,Reporting,negative,Medium,scheduled revenue-risk reports,Large revenue-impact reports time out during leadership reviews.,Medium,APAC
